-- phpMyAdmin SQL Dump
-- version 5.2.1
-- https://www.phpmyadmin.net/
--
-- Servidor: 127.0.0.1
-- Tiempo de generación: 15-02-2026 a las 00:26:47
-- Versión del servidor: 10.4.32-MariaDB
-- Versión de PHP: 8.2.12

SET SQL_MODE = "NO_AUTO_VALUE_ON_ZERO";
START TRANSACTION;
SET time_zone = "+00:00";


/*!40101 SET @OLD_CHARACTER_SET_CLIENT=@@CHARACTER_SET_CLIENT */;
/*!40101 SET @OLD_CHARACTER_SET_RESULTS=@@CHARACTER_SET_RESULTS */;
/*!40101 SET @OLD_COLLATION_CONNECTION=@@COLLATION_CONNECTION */;
/*!40101 SET NAMES utf8mb4 */;

--
-- Base de datos: `sgr_it`
--

-- --------------------------------------------------------

--
-- Estructura de tabla para la tabla `categorias`
--

CREATE TABLE `categorias` (
  `id` int(11) NOT NULL,
  `nombre` varchar(100) NOT NULL
) ENGINE=InnoDB DEFAULT CHARSET=utf8mb4 COLLATE=utf8mb4_general_ci;

--
-- Volcado de datos para la tabla `categorias`
--

INSERT INTO `categorias` (`id`, `nombre`) VALUES
(5, 'Micrófonos fijos'),
(4, 'Micrófonos portátiles'),
(2, 'Portátiles Ciclos'),
(1, 'Portátiles Steam'),
(6, 'Salas'),
(3, 'Webcams');

-- --------------------------------------------------------

--
-- Estructura de tabla para la tabla `recursos`
--

CREATE TABLE `recursos` (
  `id` int(11) NOT NULL,
  `nombre` varchar(150) NOT NULL,
  `tipo` varchar(100) DEFAULT NULL,
  `estado` enum('disponible','en_reparacion') NOT NULL DEFAULT 'disponible',
  `categoria_id` int(11) DEFAULT NULL
) ENGINE=InnoDB DEFAULT CHARSET=utf8mb4 COLLATE=utf8mb4_general_ci;

--
-- Volcado de datos para la tabla `recursos`
--

INSERT INTO `recursos` (`id`, `nombre`, `tipo`, `estado`, `categoria_id`) VALUES
(1, 'Sala de Juntas', 'sala', 'disponible', NULL),
(2, 'Proyector Epson 01', 'proyector', 'disponible', NULL),
(3, 'Portatil01', 'Ordenador', 'disponible', NULL),
(4, 'Laptop Steam 01', 'laptop_steam', 'disponible', 1),
(5, 'Laptop Steam 02', 'laptop_steam', 'disponible', 1),
(6, 'Laptop Steam 03', 'laptop_steam', 'disponible', 1),
(7, 'Laptop Steam 04', 'laptop_steam', 'disponible', 1),
(8, 'Laptop Steam 05', 'laptop_steam', 'disponible', 1),
(9, 'Laptop Steam 06', 'laptop_steam', 'disponible', 1),
(10, 'Laptop Steam 07', 'laptop_steam', 'disponible', 1),
(11, 'Laptop Steam 08', 'laptop_steam', 'disponible', 1),
(12, 'Laptop Steam 09', 'laptop_steam', 'disponible', 1),
(13, 'Laptop Steam 10', 'laptop_steam', 'disponible', 1),
(14, 'Laptop Steam 11', 'laptop_steam', 'disponible', 1),
(15, 'Laptop Steam 12', 'laptop_steam', 'disponible', 1),
(16, 'Laptop Steam 13', 'laptop_steam', 'disponible', 1),
(17, 'Laptop Steam 14', 'laptop_steam', 'disponible', 1),
(18, 'Laptop Steam 15', 'laptop_steam', 'disponible', 1),
(19, 'Laptop Steam 16', 'laptop_steam', 'disponible', 1),
(20, 'Laptop Steam 17', 'laptop_steam', 'disponible', 1),
(21, 'Laptop Steam 18', 'laptop_steam', 'disponible', 1),
(22, 'Laptop Steam 19', 'laptop_steam', 'disponible', 1),
(23, 'Laptop Steam 20', 'laptop_steam', 'disponible', 1),
(24, 'Laptop Ciclos 01', 'laptop_ciclos', 'en_reparacion', 2),
(25, 'Laptop Ciclos 02', 'laptop_ciclos', 'en_reparacion', 2),
(26, 'Laptop Ciclos 03', 'laptop_ciclos', 'disponible', 2),
(27, 'Laptop Ciclos 04', 'laptop_ciclos', 'disponible', 2),
(28, 'Laptop Ciclos 05', 'laptop_ciclos', 'disponible', 2),
(29, 'Laptop Ciclos 06', 'laptop_ciclos', 'disponible', 2),
(30, 'Laptop Ciclos 07', 'laptop_ciclos', 'disponible', 2),
(31, 'Laptop Ciclos 08', 'laptop_ciclos', 'disponible', 2),
(32, 'Laptop Ciclos 09', 'laptop_ciclos', 'disponible', 2),
(33, 'Laptop Ciclos 10', 'laptop_ciclos', 'disponible', 2),
(34, 'Laptop Ciclos 11', 'laptop_ciclos', 'disponible', 2),
(35, 'Laptop Ciclos 12', 'laptop_ciclos', 'disponible', 2),
(36, 'Laptop Ciclos 13', 'laptop_ciclos', 'disponible', 2),
(37, 'Laptop Ciclos 14', 'laptop_ciclos', 'disponible', 2),
(38, 'Laptop Ciclos 15', 'laptop_ciclos', 'disponible', 2),
(39, 'Laptop Ciclos 16', 'laptop_ciclos', 'disponible', 2),
(40, 'Laptop Ciclos 17', 'laptop_ciclos', 'disponible', 2),
(41, 'Laptop Ciclos 18', 'laptop_ciclos', 'disponible', 2),
(42, 'Laptop Ciclos 19', 'laptop_ciclos', 'disponible', 2),
(43, 'Laptop Ciclos 20', 'laptop_ciclos', 'disponible', 2),
(44, 'Webcam 01', 'webcam', 'disponible', 3),
(45, 'Webcam 02', 'webcam', 'disponible', 3),
(46, 'Webcam 03', 'webcam', 'disponible', 3),
(47, 'Webcam 04', 'webcam', 'disponible', 3),
(48, 'Webcam 05', 'webcam', 'disponible', 3),
(49, 'Webcam 06', 'webcam', 'disponible', 3),
(50, 'Micrófono portátil 01', 'micro_portatil', 'disponible', 4),
(51, 'Micrófono portátil 02', 'micro_portatil', 'disponible', 4),
(52, 'Micrófono portátil 03', 'micro_portatil', 'disponible', 4),
(53, 'Micrófono fijo 01', 'micro_fijo', 'disponible', 5),
(54, 'Micrófono fijo 02', 'micro_fijo', 'disponible', 5),
(55, 'Micrófono fijo 03', 'micro_fijo', 'disponible', 5),
(56, 'Sala 01', 'sala', 'disponible', 6),
(57, 'Sala 02', 'sala', 'disponible', 6),
(58, 'Sala 03', 'sala', 'disponible', 6),
(59, 'Sala 04', 'sala', 'disponible', 6),
(60, 'Sala 05', 'sala', 'disponible', 6),
(61, 'Sala 06', 'sala', 'disponible', 6),
(62, 'Sala 07', 'sala', 'disponible', 6),
(63, 'Sala 08', 'sala', 'disponible', 6),
(64, 'Sala 09', 'sala', 'disponible', 6),
(65, 'Sala 10', 'sala', 'disponible', 6),
(71, 'Sala 01', 'sala', 'disponible', 6),
(72, 'Sala 02', 'sala', 'disponible', 6),
(73, 'Sala 03', 'sala', 'disponible', 6),
(74, 'Sala 04', 'sala', 'disponible', 6),
(75, 'Sala 05', 'sala', 'disponible', 6),
(76, 'Sala 06', 'sala', 'disponible', 6),
(77, 'Sala 07', 'sala', 'disponible', 6),
(78, 'Sala 08', 'sala', 'disponible', 6),
(79, 'Sala 09', 'sala', 'disponible', 6),
(80, 'Sala 10', 'sala', 'disponible', 6);

-- --------------------------------------------------------

--
-- Estructura de tabla para la tabla `reservas`
--

CREATE TABLE `reservas` (
  `id` int(11) NOT NULL,
  `usuario_id` int(11) NOT NULL,
  `recurso_id` int(11) NOT NULL,
  `fecha_inicio` datetime NOT NULL,
  `fecha_fin` datetime NOT NULL,
  `creado_en` timestamp NOT NULL DEFAULT current_timestamp()
) ENGINE=InnoDB DEFAULT CHARSET=utf8mb4 COLLATE=utf8mb4_general_ci;

--
-- Volcado de datos para la tabla `reservas`
--

INSERT INTO `reservas` (`id`, `usuario_id`, `recurso_id`, `fecha_inicio`, `fecha_fin`, `creado_en`) VALUES
(7, 6, 63, '2025-08-30 18:00:00', '2025-08-30 18:45:00', '2026-02-14 21:13:48'),
(8, 9, 25, '2025-12-12 05:15:00', '2025-12-12 06:00:00', '2026-02-14 21:13:48'),
(9, 13, 44, '2025-11-12 05:45:00', '2025-11-12 08:45:00', '2026-02-14 21:13:48'),
(10, 9, 44, '2025-09-13 10:15:00', '2025-09-13 11:45:00', '2026-02-14 21:13:48'),
(11, 13, 12, '2025-09-22 05:00:00', '2025-09-22 05:30:00', '2026-02-14 21:13:48'),
(12, 8, 12, '2025-10-17 21:45:00', '2025-10-17 22:30:00', '2026-02-14 21:13:48'),
(13, 12, 63, '2025-10-29 05:00:00', '2025-10-29 08:00:00', '2026-02-14 21:13:48'),
(14, 2, 14, '2026-01-17 02:45:00', '2026-01-17 03:30:00', '2026-02-14 21:13:48'),
(15, 10, 19, '2025-12-13 10:00:00', '2025-12-13 11:00:00', '2026-02-14 21:13:48'),
(16, 12, 55, '2025-12-03 06:00:00', '2025-12-03 06:30:00', '2026-02-14 21:13:48'),
(17, 11, 72, '2025-10-04 11:15:00', '2025-10-04 12:15:00', '2026-02-14 21:13:48'),
(18, 15, 23, '2025-10-30 06:15:00', '2025-10-30 07:15:00', '2026-02-14 21:13:48'),
(19, 13, 7, '2025-09-12 09:30:00', '2025-09-12 11:30:00', '2026-02-14 21:13:48'),
(20, 14, 13, '2025-09-12 14:45:00', '2025-09-12 16:45:00', '2026-02-14 21:13:48'),
(21, 13, 53, '2026-01-06 14:45:00', '2026-01-06 16:15:00', '2026-02-14 21:13:48'),
(22, 9, 77, '2025-08-21 20:45:00', '2025-08-21 22:45:00', '2026-02-14 21:13:48'),
(23, 15, 36, '2025-08-19 18:30:00', '2025-08-19 20:00:00', '2026-02-14 21:13:48'),
(24, 16, 59, '2026-01-22 12:00:00', '2026-01-22 13:00:00', '2026-02-14 21:13:48'),
(25, 15, 7, '2025-10-10 01:15:00', '2025-10-10 01:45:00', '2026-02-14 21:13:48'),
(26, 15, 6, '2025-10-08 08:15:00', '2025-10-08 09:15:00', '2026-02-14 21:13:48'),
(27, 2, 65, '2025-09-12 02:15:00', '2025-09-12 04:15:00', '2026-02-14 21:13:48'),
(28, 7, 56, '2025-09-03 22:45:00', '2025-09-04 00:15:00', '2026-02-14 21:13:48'),
(29, 7, 30, '2025-08-27 10:30:00', '2025-08-27 11:30:00', '2026-02-14 21:13:48'),
(30, 8, 3, '2025-11-02 18:15:00', '2025-11-02 19:45:00', '2026-02-14 21:13:48'),
(31, 10, 45, '2025-11-28 10:00:00', '2025-11-28 10:45:00', '2026-02-14 21:13:48'),
(32, 12, 57, '2026-01-12 02:00:00', '2026-01-12 02:30:00', '2026-02-14 21:13:48'),
(33, 2, 54, '2025-10-09 07:45:00', '2025-10-09 09:45:00', '2026-02-14 21:13:48'),
(34, 2, 58, '2026-01-13 16:15:00', '2026-01-13 17:00:00', '2026-02-14 21:13:48'),
(35, 10, 26, '2025-10-16 01:45:00', '2025-10-16 03:45:00', '2026-02-14 21:13:48'),
(36, 14, 5, '2025-09-06 20:00:00', '2025-09-06 22:00:00', '2026-02-14 21:13:48'),
(37, 8, 55, '2025-10-07 10:15:00', '2025-10-07 12:15:00', '2026-02-14 21:13:48'),
(38, 15, 39, '2025-09-17 20:30:00', '2025-09-17 22:30:00', '2026-02-14 21:13:48'),
(39, 12, 17, '2026-01-28 13:30:00', '2026-01-28 15:00:00', '2026-02-14 21:13:48'),
(40, 16, 51, '2025-10-05 18:30:00', '2025-10-05 20:00:00', '2026-02-14 21:13:48'),
(41, 16, 6, '2025-09-08 19:45:00', '2025-09-08 21:45:00', '2026-02-14 21:13:48'),
(42, 11, 57, '2025-11-21 06:45:00', '2025-11-21 07:45:00', '2026-02-14 21:13:48'),
(43, 15, 40, '2026-02-05 23:15:00', '2026-02-06 00:00:00', '2026-02-14 21:13:48'),
(44, 7, 25, '2026-01-11 23:45:00', '2026-01-12 00:45:00', '2026-02-14 21:13:48'),
(45, 8, 75, '2025-08-29 21:00:00', '2025-08-30 00:00:00', '2026-02-14 21:13:48'),
(46, 12, 30, '2025-11-20 22:45:00', '2025-11-21 00:15:00', '2026-02-14 21:13:48'),
(47, 8, 40, '2026-01-06 07:00:00', '2026-01-06 07:30:00', '2026-02-14 21:13:48'),
(48, 16, 19, '2025-10-10 04:30:00', '2025-10-10 05:00:00', '2026-02-14 21:13:48'),
(49, 15, 29, '2025-09-13 12:45:00', '2025-09-13 13:30:00', '2026-02-14 21:13:48'),
(50, 15, 45, '2025-10-10 10:00:00', '2025-10-10 10:45:00', '2026-02-14 21:13:48'),
(51, 11, 65, '2026-01-29 19:30:00', '2026-01-29 20:00:00', '2026-02-14 21:13:48'),
(52, 14, 17, '2026-01-19 18:00:00', '2026-01-19 18:45:00', '2026-02-14 21:13:48'),
(53, 14, 15, '2025-12-04 20:00:00', '2025-12-04 23:00:00', '2026-02-14 21:13:48'),
(54, 9, 22, '2025-11-17 05:30:00', '2025-11-17 08:30:00', '2026-02-14 21:13:48'),
(55, 14, 55, '2026-01-23 15:30:00', '2026-01-23 16:30:00', '2026-02-14 21:13:48'),
(56, 9, 39, '2026-01-07 06:00:00', '2026-01-07 09:00:00', '2026-02-14 21:13:48'),
(57, 12, 61, '2026-01-13 21:00:00', '2026-01-13 22:00:00', '2026-02-14 21:13:48'),
(58, 16, 54, '2025-09-28 02:45:00', '2025-09-28 03:45:00', '2026-02-14 21:13:48'),
(59, 13, 56, '2025-12-07 21:45:00', '2025-12-07 22:45:00', '2026-02-14 21:13:48'),
(60, 6, 63, '2025-11-10 13:15:00', '2025-11-10 13:45:00', '2026-02-14 21:13:48'),
(61, 13, 15, '2025-11-28 05:00:00', '2025-11-28 08:00:00', '2026-02-14 21:13:48'),
(62, 11, 56, '2025-10-02 01:00:00', '2025-10-02 01:45:00', '2026-02-14 21:13:48'),
(63, 16, 60, '2025-12-21 15:30:00', '2025-12-21 17:00:00', '2026-02-14 21:13:48'),
(64, 8, 4, '2025-10-12 09:30:00', '2025-10-12 11:30:00', '2026-02-14 21:13:48'),
(65, 13, 28, '2025-10-20 02:30:00', '2025-10-20 03:30:00', '2026-02-14 21:13:48'),
(66, 16, 24, '2025-10-11 06:45:00', '2025-10-11 08:15:00', '2026-02-14 21:13:48'),
(67, 12, 59, '2025-12-23 13:30:00', '2025-12-23 14:00:00', '2026-02-14 21:13:48'),
(68, 2, 15, '2025-11-16 11:45:00', '2025-11-16 12:45:00', '2026-02-14 21:13:48'),
(69, 16, 14, '2025-09-07 11:45:00', '2025-09-07 13:45:00', '2026-02-14 21:13:48'),
(70, 11, 9, '2025-12-22 11:00:00', '2025-12-22 12:00:00', '2026-02-14 21:13:48'),
(71, 13, 79, '2026-02-02 02:15:00', '2026-02-02 02:45:00', '2026-02-14 21:13:48'),
(72, 9, 49, '2026-01-11 01:15:00', '2026-01-11 03:15:00', '2026-02-14 21:13:48'),
(73, 16, 71, '2025-12-01 07:00:00', '2025-12-01 08:00:00', '2026-02-14 21:13:48'),
(74, 6, 25, '2026-01-11 19:00:00', '2026-01-11 22:00:00', '2026-02-14 21:13:48'),
(75, 16, 31, '2025-12-31 22:15:00', '2025-12-31 22:45:00', '2026-02-14 21:13:48'),
(76, 14, 3, '2025-12-21 00:00:00', '2025-12-21 02:00:00', '2026-02-14 21:13:48'),
(77, 6, 15, '2025-09-14 09:45:00', '2025-09-14 10:15:00', '2026-02-14 21:13:48'),
(78, 2, 35, '2026-02-03 14:15:00', '2026-02-03 15:45:00', '2026-02-14 21:13:48'),
(79, 12, 35, '2026-01-12 01:15:00', '2026-01-12 02:15:00', '2026-02-14 21:13:48'),
(80, 11, 47, '2025-11-24 02:15:00', '2025-11-24 04:15:00', '2026-02-14 21:13:48'),
(81, 6, 74, '2025-11-11 07:30:00', '2025-11-11 09:30:00', '2026-02-14 21:13:48'),
(82, 11, 23, '2025-12-17 08:45:00', '2025-12-17 10:45:00', '2026-02-14 21:13:49'),
(83, 11, 49, '2025-09-30 01:00:00', '2025-09-30 02:00:00', '2026-02-14 21:13:49'),
(84, 13, 18, '2025-12-31 04:15:00', '2025-12-31 04:45:00', '2026-02-14 21:13:49'),
(85, 11, 29, '2026-01-21 20:30:00', '2026-01-21 23:30:00', '2026-02-14 21:13:49'),
(86, 15, 51, '2025-12-04 12:30:00', '2025-12-04 13:00:00', '2026-02-14 21:13:49'),
(87, 16, 42, '2025-11-16 11:15:00', '2025-11-16 12:15:00', '2026-02-14 21:13:49'),
(88, 10, 8, '2025-12-22 06:30:00', '2025-12-22 09:30:00', '2026-02-14 21:13:49'),
(89, 2, 25, '2025-09-19 06:45:00', '2025-09-19 07:30:00', '2026-02-14 21:13:49'),
(90, 11, 71, '2025-09-13 17:15:00', '2025-09-13 19:15:00', '2026-02-14 21:13:49'),
(91, 15, 56, '2025-11-15 11:00:00', '2025-11-15 12:30:00', '2026-02-14 21:13:49'),
(92, 12, 56, '2026-01-25 04:15:00', '2026-01-25 05:15:00', '2026-02-14 21:13:49'),
(93, 6, 57, '2026-02-09 06:15:00', '2026-02-09 06:45:00', '2026-02-14 21:13:49'),
(94, 6, 3, '2025-10-20 12:00:00', '2025-10-20 14:00:00', '2026-02-14 21:13:49'),
(95, 15, 35, '2025-12-07 20:30:00', '2025-12-07 21:30:00', '2026-02-14 21:13:49'),
(96, 13, 79, '2025-12-13 18:30:00', '2025-12-13 20:00:00', '2026-02-14 21:13:49'),
(97, 16, 21, '2025-12-14 10:15:00', '2025-12-14 13:15:00', '2026-02-14 21:13:49'),
(98, 14, 32, '2025-11-03 18:45:00', '2025-11-03 19:45:00', '2026-02-14 21:13:49'),
(99, 15, 60, '2025-08-26 13:00:00', '2025-08-26 13:45:00', '2026-02-14 21:13:49'),
(100, 8, 11, '2025-10-17 08:30:00', '2025-10-17 09:15:00', '2026-02-14 21:13:49'),
(101, 12, 7, '2025-09-20 20:00:00', '2025-09-20 22:00:00', '2026-02-14 21:13:49'),
(102, 16, 1, '2025-09-19 10:30:00', '2025-09-19 11:15:00', '2026-02-14 21:13:49'),
(103, 12, 17, '2025-09-18 10:30:00', '2025-09-18 12:30:00', '2026-02-14 21:13:49'),
(104, 13, 14, '2025-09-13 09:45:00', '2025-09-13 12:45:00', '2026-02-14 21:13:49'),
(105, 9, 79, '2025-12-06 07:00:00', '2025-12-06 07:45:00', '2026-02-14 21:13:49'),
(106, 2, 60, '2026-01-20 06:15:00', '2026-01-20 08:15:00', '2026-02-14 21:13:49'),
(107, 10, 19, '2025-11-11 09:30:00', '2025-11-11 10:15:00', '2026-02-14 21:13:49'),
(108, 15, 5, '2025-09-08 07:30:00', '2025-09-08 10:30:00', '2026-02-14 21:13:49'),
(109, 16, 39, '2025-09-01 09:00:00', '2025-09-01 10:00:00', '2026-02-14 21:13:49'),
(110, 15, 52, '2025-10-17 12:00:00', '2025-10-17 13:30:00', '2026-02-14 21:13:49'),
(111, 16, 48, '2026-02-09 12:00:00', '2026-02-09 14:00:00', '2026-02-14 21:13:49'),
(112, 15, 58, '2025-09-28 10:30:00', '2025-09-28 12:30:00', '2026-02-14 21:13:49'),
(113, 13, 24, '2025-09-05 00:00:00', '2025-09-05 03:00:00', '2026-02-14 21:13:49'),
(114, 6, 45, '2025-09-30 18:45:00', '2025-09-30 19:30:00', '2026-02-14 21:13:49'),
(115, 14, 74, '2026-02-01 17:30:00', '2026-02-01 18:30:00', '2026-02-14 21:13:49'),
(116, 8, 45, '2026-01-25 21:45:00', '2026-01-25 22:15:00', '2026-02-14 21:13:49'),
(117, 6, 11, '2025-09-19 23:00:00', '2025-09-20 00:00:00', '2026-02-14 21:13:49'),
(118, 10, 31, '2025-12-11 11:30:00', '2025-12-11 14:30:00', '2026-02-14 21:13:49'),
(119, 15, 80, '2026-02-02 04:45:00', '2026-02-02 06:15:00', '2026-02-14 21:13:49'),
(120, 16, 10, '2025-11-25 06:00:00', '2025-11-25 09:00:00', '2026-02-14 21:13:49'),
(121, 13, 37, '2025-08-21 16:30:00', '2025-08-21 17:00:00', '2026-02-14 21:13:49'),
(122, 12, 53, '2025-12-15 02:15:00', '2025-12-15 03:15:00', '2026-02-14 21:13:49'),
(123, 13, 43, '2025-11-19 03:00:00', '2025-11-19 04:00:00', '2026-02-14 21:13:49'),
(124, 2, 9, '2025-12-11 11:15:00', '2025-12-11 12:15:00', '2026-02-14 21:13:49'),
(125, 10, 59, '2025-08-21 15:15:00', '2025-08-21 16:15:00', '2026-02-14 21:13:49'),
(126, 14, 74, '2026-01-15 13:15:00', '2026-01-15 13:45:00', '2026-02-14 21:13:49'),
(127, 13, 21, '2025-10-12 17:45:00', '2025-10-12 18:30:00', '2026-02-14 21:13:49'),
(128, 8, 18, '2025-08-22 23:30:00', '2025-08-23 01:30:00', '2026-02-14 21:13:49'),
(129, 11, 14, '2025-11-10 11:00:00', '2025-11-10 12:00:00', '2026-02-14 21:13:49'),
(130, 15, 65, '2025-11-01 13:45:00', '2025-11-01 14:30:00', '2026-02-14 21:13:49'),
(131, 9, 15, '2025-10-03 06:45:00', '2025-10-03 09:45:00', '2026-02-14 21:13:49'),
(132, 6, 47, '2025-11-25 22:45:00', '2025-11-25 23:45:00', '2026-02-14 21:13:49'),
(133, 16, 25, '2025-12-30 21:30:00', '2025-12-30 22:00:00', '2026-02-14 21:13:49'),
(134, 10, 15, '2025-10-03 19:30:00', '2025-10-03 20:00:00', '2026-02-14 21:13:49'),
(135, 10, 64, '2025-10-22 23:00:00', '2025-10-23 01:00:00', '2026-02-14 21:13:49'),
(136, 16, 61, '2026-02-09 15:45:00', '2026-02-09 17:15:00', '2026-02-14 21:13:49'),
(137, 6, 79, '2025-11-27 18:00:00', '2025-11-27 20:00:00', '2026-02-14 21:13:49'),
(138, 2, 47, '2025-10-17 20:15:00', '2025-10-17 21:15:00', '2026-02-14 21:13:49'),
(139, 6, 45, '2025-12-21 14:30:00', '2025-12-21 16:30:00', '2026-02-14 21:13:49'),
(140, 7, 77, '2025-11-10 22:45:00', '2025-11-11 01:45:00', '2026-02-14 21:13:49'),
(141, 12, 75, '2025-10-16 02:15:00', '2025-10-16 05:15:00', '2026-02-14 21:13:49'),
(142, 6, 33, '2025-11-30 10:00:00', '2025-11-30 11:00:00', '2026-02-14 21:13:49'),
(143, 8, 51, '2025-08-28 17:00:00', '2025-08-28 18:30:00', '2026-02-14 21:13:49'),
(144, 7, 31, '2025-10-23 13:30:00', '2025-10-23 14:30:00', '2026-02-14 21:13:49'),
(145, 13, 23, '2026-01-20 17:00:00', '2026-01-20 18:00:00', '2026-02-14 21:13:49'),
(146, 2, 34, '2025-09-22 17:00:00', '2025-09-22 17:45:00', '2026-02-14 21:13:49'),
(147, 9, 9, '2025-10-16 23:45:00', '2025-10-17 00:30:00', '2026-02-14 21:13:49'),
(148, 2, 38, '2025-09-13 10:00:00', '2025-09-13 10:45:00', '2026-02-14 21:13:49'),
(149, 10, 62, '2025-12-30 15:30:00', '2025-12-30 17:30:00', '2026-02-14 21:13:49'),
(150, 11, 43, '2025-10-11 19:00:00', '2025-10-11 19:30:00', '2026-02-14 21:13:49'),
(151, 13, 54, '2025-11-10 18:45:00', '2025-11-10 21:45:00', '2026-02-14 21:13:49'),
(152, 8, 61, '2025-08-28 11:45:00', '2025-08-28 12:45:00', '2026-02-14 21:13:49'),
(153, 15, 7, '2025-11-16 12:15:00', '2025-11-16 13:00:00', '2026-02-14 21:13:49'),
(154, 16, 10, '2025-11-15 19:30:00', '2025-11-15 20:15:00', '2026-02-14 21:13:49'),
(155, 10, 31, '2025-11-14 21:00:00', '2025-11-14 22:00:00', '2026-02-14 21:13:49'),
(156, 8, 74, '2025-10-11 10:30:00', '2025-10-11 13:30:00', '2026-02-14 21:13:49'),
(157, 6, 49, '2025-09-04 08:30:00', '2025-09-04 11:30:00', '2026-02-14 21:13:49'),
(158, 8, 43, '2026-01-11 17:45:00', '2026-01-11 18:45:00', '2026-02-14 21:13:49'),
(159, 15, 5, '2025-10-04 09:15:00', '2025-10-04 09:45:00', '2026-02-14 21:13:49'),
(160, 16, 21, '2025-09-18 18:30:00', '2025-09-18 21:30:00', '2026-02-14 21:13:49'),
(161, 15, 48, '2025-12-28 01:00:00', '2025-12-28 01:30:00', '2026-02-14 21:13:49'),
(162, 8, 3, '2025-09-30 20:15:00', '2025-09-30 21:00:00', '2026-02-14 21:13:49'),
(163, 12, 80, '2026-01-10 05:30:00', '2026-01-10 07:30:00', '2026-02-14 21:13:49'),
(164, 13, 14, '2025-09-14 21:15:00', '2025-09-14 22:00:00', '2026-02-14 21:13:49'),
(165, 6, 8, '2025-11-22 20:00:00', '2025-11-22 21:00:00', '2026-02-14 21:13:49'),
(166, 12, 29, '2025-11-19 08:30:00', '2025-11-19 09:30:00', '2026-02-14 21:13:49'),
(167, 12, 26, '2026-02-04 05:30:00', '2026-02-04 06:15:00', '2026-02-14 21:13:49'),
(168, 13, 63, '2025-09-09 03:15:00', '2025-09-09 04:00:00', '2026-02-14 21:13:49'),
(169, 16, 38, '2025-10-28 21:45:00', '2025-10-28 22:30:00', '2026-02-14 21:13:49'),
(170, 8, 59, '2025-08-28 22:30:00', '2025-08-29 01:30:00', '2026-02-14 21:13:49'),
(171, 2, 75, '2025-11-08 19:30:00', '2025-11-08 21:30:00', '2026-02-14 21:13:49'),
(172, 2, 73, '2025-12-22 23:15:00', '2025-12-23 02:15:00', '2026-02-14 21:13:49'),
(173, 11, 74, '2026-01-13 01:00:00', '2026-01-13 01:30:00', '2026-02-14 21:13:49'),
(174, 11, 16, '2025-11-29 20:15:00', '2025-11-29 21:00:00', '2026-02-14 21:13:49'),
(175, 10, 73, '2025-10-30 02:15:00', '2025-10-30 05:15:00', '2026-02-14 21:13:49'),
(176, 6, 75, '2025-09-28 01:15:00', '2025-09-28 02:15:00', '2026-02-14 21:13:49'),
(177, 7, 42, '2025-09-21 09:30:00', '2025-09-21 10:15:00', '2026-02-14 21:13:49'),
(178, 8, 19, '2025-11-17 06:30:00', '2025-11-17 08:00:00', '2026-02-14 21:13:49'),
(179, 16, 14, '2025-08-22 18:15:00', '2025-08-22 18:45:00', '2026-02-14 21:13:49'),
(180, 8, 35, '2025-11-14 04:45:00', '2025-11-14 07:45:00', '2026-02-14 21:13:49'),
(181, 15, 14, '2025-12-24 16:00:00', '2025-12-24 16:30:00', '2026-02-14 21:13:49'),
(182, 8, 23, '2025-11-02 13:00:00', '2025-11-02 14:00:00', '2026-02-14 21:13:49'),
(183, 11, 50, '2025-12-27 18:00:00', '2025-12-27 18:45:00', '2026-02-14 21:13:49'),
(184, 13, 74, '2025-11-15 15:15:00', '2025-11-15 15:45:00', '2026-02-14 21:13:49'),
(185, 16, 20, '2025-12-12 02:00:00', '2025-12-12 04:00:00', '2026-02-14 21:13:49'),
(186, 11, 20, '2025-11-19 11:15:00', '2025-11-19 13:15:00', '2026-02-14 21:13:49'),
(187, 8, 7, '2025-10-21 01:15:00', '2025-10-21 02:45:00', '2026-02-14 21:13:49'),
(188, 13, 49, '2025-09-18 03:00:00', '2025-09-18 06:00:00', '2026-02-14 21:13:49'),
(189, 11, 3, '2025-10-04 03:45:00', '2025-10-04 05:45:00', '2026-02-14 21:13:49'),
(190, 11, 16, '2026-01-06 02:15:00', '2026-01-06 02:45:00', '2026-02-14 21:13:49'),
(191, 14, 5, '2025-09-08 17:30:00', '2025-09-08 19:30:00', '2026-02-14 21:13:49'),
(192, 2, 8, '2026-01-23 04:00:00', '2026-01-23 07:00:00', '2026-02-14 21:13:49'),
(193, 12, 27, '2025-11-14 02:30:00', '2025-11-14 04:00:00', '2026-02-14 21:13:49'),
(194, 14, 21, '2025-12-01 16:00:00', '2025-12-01 16:45:00', '2026-02-14 21:13:49'),
(195, 13, 42, '2025-11-25 15:15:00', '2025-11-25 18:15:00', '2026-02-14 21:13:49'),
(196, 15, 74, '2025-08-28 03:30:00', '2025-08-28 04:15:00', '2026-02-14 21:13:49'),
(197, 11, 78, '2025-10-06 18:15:00', '2025-10-06 19:45:00', '2026-02-14 21:13:49'),
(198, 10, 54, '2025-09-17 01:00:00', '2025-09-17 04:00:00', '2026-02-14 21:13:49'),
(199, 16, 80, '2026-01-22 03:45:00', '2026-01-22 05:45:00', '2026-02-14 21:13:49'),
(200, 2, 59, '2026-01-11 04:00:00', '2026-01-11 07:00:00', '2026-02-14 21:13:49'),
(201, 16, 54, '2026-02-09 16:30:00', '2026-02-09 18:00:00', '2026-02-14 21:13:49'),
(202, 16, 44, '2025-08-26 19:15:00', '2025-08-26 20:45:00', '2026-02-14 21:13:49'),
(203, 8, 31, '2025-12-16 07:00:00', '2025-12-16 07:45:00', '2026-02-14 21:13:49'),
(204, 13, 53, '2025-12-17 20:30:00', '2025-12-17 22:30:00', '2026-02-14 21:13:49'),
(205, 7, 73, '2025-11-09 20:30:00', '2025-11-09 23:30:00', '2026-02-14 21:13:49'),
(206, 15, 39, '2026-02-13 14:00:00', '2026-02-13 16:00:00', '2026-02-14 21:13:49'),
(207, 15, 7, '2025-11-11 07:30:00', '2025-11-11 08:15:00', '2026-02-14 21:13:49'),
(208, 13, 7, '2025-12-03 18:30:00', '2025-12-03 20:00:00', '2026-02-14 21:13:49'),
(209, 14, 14, '2025-11-02 02:00:00', '2025-11-02 02:30:00', '2026-02-14 21:13:49'),
(210, 6, 59, '2025-09-14 04:45:00', '2025-09-14 05:45:00', '2026-02-14 21:13:49'),
(211, 16, 34, '2025-10-15 06:30:00', '2025-10-15 09:30:00', '2026-02-14 21:13:49'),
(212, 9, 41, '2025-09-03 19:00:00', '2025-09-03 20:30:00', '2026-02-14 21:13:49'),
(213, 2, 57, '2025-12-05 00:30:00', '2025-12-05 01:30:00', '2026-02-14 21:13:49'),
(214, 15, 54, '2025-10-08 17:15:00', '2025-10-08 17:45:00', '2026-02-14 21:13:49'),
(215, 11, 1, '2026-01-02 16:15:00', '2026-01-02 17:00:00', '2026-02-14 21:13:49'),
(216, 6, 65, '2025-09-06 05:00:00', '2025-09-06 06:30:00', '2026-02-14 21:13:49'),
(217, 9, 21, '2025-08-22 15:30:00', '2025-08-22 16:15:00', '2026-02-14 21:13:49'),
(218, 13, 25, '2025-08-31 18:45:00', '2025-08-31 19:45:00', '2026-02-14 21:13:49'),
(219, 11, 78, '2026-01-08 23:30:00', '2026-01-09 01:00:00', '2026-02-14 21:13:49'),
(220, 2, 50, '2025-09-09 19:00:00', '2025-09-09 20:30:00', '2026-02-14 21:13:49'),
(221, 9, 41, '2026-01-05 07:45:00', '2026-01-05 09:15:00', '2026-02-14 21:13:49'),
(222, 2, 29, '2025-11-15 15:30:00', '2025-11-15 17:00:00', '2026-02-14 21:13:49'),
(223, 11, 19, '2025-12-23 03:45:00', '2025-12-23 05:45:00', '2026-02-14 21:13:49'),
(224, 10, 62, '2025-10-08 17:30:00', '2025-10-08 19:30:00', '2026-02-14 21:13:49'),
(225, 11, 53, '2025-09-19 02:30:00', '2025-09-19 04:00:00', '2026-02-14 21:13:49'),
(226, 15, 51, '2025-10-04 11:15:00', '2025-10-04 14:15:00', '2026-02-14 21:13:49'),
(227, 2, 4, '2026-02-14 22:16:00', '2026-02-14 22:19:00', '2026-02-14 21:15:17'),
(228, 2, 56, '2026-02-14 22:34:00', '2026-02-14 22:35:00', '2026-02-14 21:33:46'),
(229, 2, 57, '2026-02-14 22:34:00', '2026-02-14 22:35:00', '2026-02-14 21:33:46'),
(230, 2, 58, '2026-02-14 22:34:00', '2026-02-14 22:35:00', '2026-02-14 21:33:46'),
(231, 2, 59, '2026-02-14 22:34:00', '2026-02-14 22:35:00', '2026-02-14 21:33:46'),
(232, 2, 60, '2026-02-14 22:34:00', '2026-02-14 22:35:00', '2026-02-14 21:33:46'),
(233, 2, 61, '2026-02-14 22:34:00', '2026-02-14 22:35:00', '2026-02-14 21:33:46'),
(234, 2, 62, '2026-02-14 22:34:00', '2026-02-14 22:35:00', '2026-02-14 21:33:46'),
(235, 2, 63, '2026-02-14 22:34:00', '2026-02-14 22:35:00', '2026-02-14 21:33:46'),
(236, 2, 64, '2026-02-14 22:34:00', '2026-02-14 22:35:00', '2026-02-14 21:33:46'),
(237, 2, 65, '2026-02-14 22:34:00', '2026-02-14 22:35:00', '2026-02-14 21:33:46'),
(238, 17, 50, '2026-02-15 02:16:00', '2026-02-15 04:16:00', '2026-02-14 23:16:11');

-- --------------------------------------------------------

--
-- Estructura de tabla para la tabla `usuarios`
--

CREATE TABLE `usuarios` (
  `id` int(11) NOT NULL,
  `nombre` varchar(100) NOT NULL,
  `email` varchar(150) NOT NULL,
  `password_hash` varchar(255) NOT NULL,
  `rol` enum('admin','empleado') NOT NULL DEFAULT 'empleado',
  `creado_en` timestamp NOT NULL DEFAULT current_timestamp()
) ENGINE=InnoDB DEFAULT CHARSET=utf8mb4 COLLATE=utf8mb4_general_ci;

--
-- Volcado de datos para la tabla `usuarios`
--

INSERT INTO `usuarios` (`id`, `nombre`, `email`, `password_hash`, `rol`, `creado_en`) VALUES
(1, 'Admin', 'admin@sgr-it.local', '$2y$10$zzuBpd0QY2Djy1p16a.dn.MIQRS1Djkszzy9XTDhhOgURfYIjzoa2', 'admin', '2026-02-14 19:52:01'),
(2, 'Empleado', 'empleado@sgr-it.local', '$2y$10$pxdsb0q1WCyMgWT7WiXcmekEQ5WF17GjinGK.574VDXcQFTBKTOKa', 'empleado', '2026-02-14 20:00:30'),
(3, 'A. Enrique', 'aenrique@sgr-it.local', '$2y$10$WAc1ZmtWn8Nxc5uni7nIbO9fjyvHCFZazQnzcVWjx8lnFlKoFh7fG', 'admin', '2026-02-14 20:50:09'),
(4, 'J. Manzanero', 'jmanzanero@sgr-it.local', '$2y$10$WAc1ZmtWn8Nxc5uni7nIbO9fjyvHCFZazQnzcVWjx8lnFlKoFh7fG', 'admin', '2026-02-14 20:50:09'),
(5, 'JM Sierra', 'jmsierra@sgr-it.local', '$2y$10$WAc1ZmtWn8Nxc5uni7nIbO9fjyvHCFZazQnzcVWjx8lnFlKoFh7fG', 'admin', '2026-02-14 20:50:09'),
(6, 'Empleado 2', 'empleado2@sgr-it.local', '$2y$10$kgYJD1J.h1c/dGIi.Fk7BeuoE85ECxph55JBYOcNAqyOlzpQ0ZSi6', 'empleado', '2026-02-14 21:13:48'),
(7, 'Empleado 3', 'empleado3@sgr-it.local', '$2y$10$kgYJD1J.h1c/dGIi.Fk7BeuoE85ECxph55JBYOcNAqyOlzpQ0ZSi6', 'empleado', '2026-02-14 21:13:48'),
(8, 'Empleado 4', 'empleado4@sgr-it.local', '$2y$10$kgYJD1J.h1c/dGIi.Fk7BeuoE85ECxph55JBYOcNAqyOlzpQ0ZSi6', 'empleado', '2026-02-14 21:13:48'),
(9, 'Empleado 5', 'empleado5@sgr-it.local', '$2y$10$kgYJD1J.h1c/dGIi.Fk7BeuoE85ECxph55JBYOcNAqyOlzpQ0ZSi6', 'empleado', '2026-02-14 21:13:48'),
(10, 'Empleado 6', 'empleado6@sgr-it.local', '$2y$10$kgYJD1J.h1c/dGIi.Fk7BeuoE85ECxph55JBYOcNAqyOlzpQ0ZSi6', 'empleado', '2026-02-14 21:13:48'),
(11, 'Empleado 7', 'empleado7@sgr-it.local', '$2y$10$kgYJD1J.h1c/dGIi.Fk7BeuoE85ECxph55JBYOcNAqyOlzpQ0ZSi6', 'empleado', '2026-02-14 21:13:48'),
(12, 'Empleado 8', 'empleado8@sgr-it.local', '$2y$10$kgYJD1J.h1c/dGIi.Fk7BeuoE85ECxph55JBYOcNAqyOlzpQ0ZSi6', 'empleado', '2026-02-14 21:13:48'),
(13, 'Empleado 9', 'empleado9@sgr-it.local', '$2y$10$kgYJD1J.h1c/dGIi.Fk7BeuoE85ECxph55JBYOcNAqyOlzpQ0ZSi6', 'empleado', '2026-02-14 21:13:48'),
(14, 'Empleado 10', 'empleado10@sgr-it.local', '$2y$10$kgYJD1J.h1c/dGIi.Fk7BeuoE85ECxph55JBYOcNAqyOlzpQ0ZSi6', 'empleado', '2026-02-14 21:13:48'),
(15, 'Empleado 11', 'empleado11@sgr-it.local', '$2y$10$kgYJD1J.h1c/dGIi.Fk7BeuoE85ECxph55JBYOcNAqyOlzpQ0ZSi6', 'empleado', '2026-02-14 21:13:48'),
(16, 'Empleado 12', 'empleado12@sgr-it.local', '$2y$10$kgYJD1J.h1c/dGIi.Fk7BeuoE85ECxph55JBYOcNAqyOlzpQ0ZSi6', 'empleado', '2026-02-14 21:13:48'),
(17, 'Lidia', 'lidia@sgr-it.local', '$2y$10$FZirG/yvc/Bnwbx5/rf6GuYBwBguWKdzw5RyOy7TccO0KgP/AwC.O', 'empleado', '2026-02-14 22:14:37');

--
-- Índices para tablas volcadas
--

--
-- Indices de la tabla `categorias`
--
ALTER TABLE `categorias`
  ADD PRIMARY KEY (`id`),
  ADD UNIQUE KEY `nombre` (`nombre`);

--
-- Indices de la tabla `recursos`
--
ALTER TABLE `recursos`
  ADD PRIMARY KEY (`id`),
  ADD KEY `idx_recursos_categoria` (`categoria_id`);

--
-- Indices de la tabla `reservas`
--
ALTER TABLE `reservas`
  ADD PRIMARY KEY (`id`),
  ADD KEY `idx_reservas_recurso_fechas` (`recurso_id`,`fecha_inicio`,`fecha_fin`),
  ADD KEY `idx_reservas_usuario` (`usuario_id`);

--
-- Indices de la tabla `usuarios`
--
ALTER TABLE `usuarios`
  ADD PRIMARY KEY (`id`),
  ADD UNIQUE KEY `email` (`email`);

--
-- AUTO_INCREMENT de las tablas volcadas
--

--
-- AUTO_INCREMENT de la tabla `categorias`
--
ALTER TABLE `categorias`
  MODIFY `id` int(11) NOT NULL AUTO_INCREMENT, AUTO_INCREMENT=7;

--
-- AUTO_INCREMENT de la tabla `recursos`
--
ALTER TABLE `recursos`
  MODIFY `id` int(11) NOT NULL AUTO_INCREMENT, AUTO_INCREMENT=86;

--
-- AUTO_INCREMENT de la tabla `reservas`
--
ALTER TABLE `reservas`
  MODIFY `id` int(11) NOT NULL AUTO_INCREMENT, AUTO_INCREMENT=239;

--
-- AUTO_INCREMENT de la tabla `usuarios`
--
ALTER TABLE `usuarios`
  MODIFY `id` int(11) NOT NULL AUTO_INCREMENT, AUTO_INCREMENT=18;

--
-- Restricciones para tablas volcadas
--

--
-- Filtros para la tabla `recursos`
--
ALTER TABLE `recursos`
  ADD CONSTRAINT `fk_recursos_categoria` FOREIGN KEY (`categoria_id`) REFERENCES `categorias` (`id`) ON DELETE SET NULL;

--
-- Filtros para la tabla `reservas`
--
ALTER TABLE `reservas`
  ADD CONSTRAINT `fk_reservas_recurso` FOREIGN KEY (`recurso_id`) REFERENCES `recursos` (`id`) ON DELETE CASCADE,
  ADD CONSTRAINT `fk_reservas_usuario` FOREIGN KEY (`usuario_id`) REFERENCES `usuarios` (`id`) ON DELETE CASCADE;
COMMIT;

/*!40101 SET CHARACTER_SET_CLIENT=@OLD_CHARACTER_SET_CLIENT */;
/*!40101 SET CHARACTER_SET_RESULTS=@OLD_CHARACTER_SET_RESULTS */;
/*!40101 SET COLLATION_CONNECTION=@OLD_COLLATION_CONNECTION */;
